{"v":"5.7.13","fr":30,"ip":0,"op":51,"w":64,"h":64,"nm":"final","ddd":0,"assets":[{"id":"comp_0","nm":"sand-watch","layers":[{"ddd":0,"ind":1,"ty":4,"nm":"mask for bottom","td":1,"sr":1,"ks":{"o":{"a":0,"k":100,"ix":11},"r":{"a":0,"k":0,"ix":10},"p":{"a":1,"k":[{"i":{"x":0.594,"y":1},"o":{"x":0.407,"y":0},"t":0,"s":[151,292.5,0],"to":[0,-11.333,0],"ti":[0,11.333,0]},{"t":20.0000008146167,"s":[151,224.5,0]}],"ix":2,"l":2},"a":{"a":0,"k":[0,0,0],"ix":1,"l":2},"s":{"a":0,"k":[100,79.769,100],"ix":6,"l":2}},"ao":0,"shapes":[{"ty":"gr","it":[{"ty":"rc","d":1,"s":{"a":0,"k":[296.865,86.467],"ix":2},"p":{"a":0,"k":[0,0],"ix":3},"r":{"a":0,"k":0,"ix":4},"nm":"長方形パス 1","mn":"ADBE Vector Shape - Rect","hd":false},{"ty":"st","c":{"a":0,"k":[1,1,1,1],"ix":3},"o":{"a":0,"k":100,"ix":4},"w":{"a":0,"k":2,"ix":5},"lc":1,"lj":1,"ml":4,"bm":0,"nm":"線 1","mn":"ADBE Vector Graphic - Stroke","hd":false},{"ty":"fl","c":{"a":0,"k":[0.10980392156862745,0.027450980392156862,0.027450980392156862,1],"ix":4},"o":{"a":0,"k":100,"ix":5},"r":1,"bm":0,"nm":"塗り 1","mn":"ADBE Vector Graphic - Fill","hd":false},{"ty":"tr","p":{"a":0,"k":[-1.067,-43.267],"ix":2},"a":{"a":0,"k":[0,0],"ix":1},"s":{"a":0,"k":[100,100],"ix":3},"r":{"a":0,"k":0,"ix":6},"o":{"a":0,"k":100,"ix":7},"sk":{"a":0,"k":0,"ix":4},"sa":{"a":0,"k":0,"ix":5},"nm":"トランスフォーム"}],"nm":"長方形 1","np":3,"cix":2,"bm":0,"ix":1,"mn":"ADBE Vector Group","hd":false}],"ip":0,"op":300.00001221925,"st":0,"bm":0},{"ddd":0,"ind":2,"ty":4,"nm":"sand-bottomアウトライン","tt":1,"sr":1,"ks":{"o":{"a":0,"k":100,"ix":11},"r":{"a":0,"k":0,"ix":10},"p":{"a":0,"k":[150.012,189.811,0],"ix":2,"l":2},"a":{"a":0,"k":[35.885,32.011,0],"ix":1,"l":2},"s":{"a":0,"k":[100,100,100],"ix":6,"l":2}},"ao":0,"shapes":[{"ty":"gr","it":[{"ind":0,"ty":"sh","ix":1,"ks":{"a":0,"k":{"i":[[0.506,1.55],[0.843,-1.717],[5.927,-4.917],[1.683,-3.705],[-0.302,-9.532],[0,0],[3.638,8.15],[3.233,2.728],[3.637,6.906]],"o":[[-0.606,1.55],[-3.636,6.906],[-3.335,2.728],[-3.639,8.15],[0,0],[0.37,-9.532],[-1.717,-3.705],[-5.962,-4.917],[-0.876,-1.717]],"v":[[0.034,-31.762],[-2.122,-26.911],[-18.355,-9.363],[-31.996,3.841],[-35.029,31.762],[34.962,31.762],[31.997,3.841],[18.391,-9.363],[2.123,-26.911]],"c":true},"ix":2},"nm":"パス 1","mn":"ADBE Vector Shape - Group","hd":false},{"ty":"fl","c":{"a":0,"k":[0.8196078431372549,0.8431372549019608,0.8666666666666667,1],"ix":4},"o":{"a":0,"k":100,"ix":5},"r":1,"bm":0,"nm":"塗り 1","mn":"ADBE Vector Graphic - Fill","hd":false},{"ty":"tr","p":{"a":0,"k":[35.885,32.011],"ix":2},"a":{"a":0,"k":[0,0],"ix":1},"s":{"a":0,"k":[100,100],"ix":3},"r":{"a":0,"k":0,"ix":6},"o":{"a":0,"k":100,"ix":7},"sk":{"a":0,"k":0,"ix":4},"sa":{"a":0,"k":0,"ix":5},"nm":"トランスフォーム"}],"nm":"グループ 1","np":2,"cix":2,"bm":0,"ix":1,"mn":"ADBE Vector Group","hd":false}],"ip":0,"op":300.00001221925,"st":0,"bm":0},{"ddd":0,"ind":3,"ty":4,"nm":"mask for above","td":1,"sr":1,"ks":{"o":{"a":0,"k":100,"ix":11},"r":{"a":0,"k":0,"ix":10},"p":{"a":1,"k":[{"i":{"x":0.576,"y":1},"o":{"x":0.407,"y":0},"t":0,"s":[150,150,0],"to":[0,11.167,0],"ti":[0,-11.167,0]},{"t":20.0000008146167,"s":[150,217,0]}],"ix":2,"l":2},"a":{"a":0,"k":[0,0,0],"ix":1,"l":2},"s":{"a":0,"k":[100,100,100],"ix":6,"l":2}},"ao":0,"shapes":[{"ty":"gr","it":[{"ty":"rc","d":1,"s":{"a":0,"k":[295.895,84.371],"ix":2},"p":{"a":0,"k":[0,0],"ix":3},"r":{"a":0,"k":0,"ix":4},"nm":"長方形パス 1","mn":"ADBE Vector Shape - Rect","hd":false},{"ty":"st","c":{"a":0,"k":[1,1,1,1],"ix":3},"o":{"a":0,"k":100,"ix":4},"w":{"a":0,"k":2,"ix":5},"lc":1,"lj":1,"ml":4,"bm":0,"nm":"線 1","mn":"ADBE Vector Graphic - Stroke","hd":false},{"ty":"fl","c":{"a":0,"k":[0.10980392156862745,0.027450980392156862,0.027450980392156862,1],"ix":4},"o":{"a":0,"k":100,"ix":5},"r":1,"bm":0,"nm":"塗り 1","mn":"ADBE Vector Graphic - Fill","hd":false},{"ty":"tr","p":{"a":0,"k":[-0.914,-117.619],"ix":2},"a":{"a":0,"k":[0,0],"ix":1},"s":{"a":0,"k":[100,104.682],"ix":3},"r":{"a":0,"k":0,"ix":6},"o":{"a":0,"k":100,"ix":7},"sk":{"a":0,"k":0,"ix":4},"sa":{"a":0,"k":0,"ix":5},"nm":"トランスフォーム"}],"nm":"長方形 1","np":3,"cix":2,"bm":0,"ix":1,"mn":"ADBE Vector Group","hd":false}],"ip":0,"op":300.00001221925,"st":0,"bm":0},{"ddd":0,"ind":4,"ty":4,"nm":"sand-aboveアウトライン","tt":2,"sr":1,"ks":{"o":{"a":0,"k":100,"ix":11},"r":{"a":0,"k":0,"ix":10},"p":{"a":0,"k":[149.988,110.189,0],"ix":2,"l":2},"a":{"a":0,"k":[35.885,32.011,0],"ix":1,"l":2},"s":{"a":0,"k":[100,100,100],"ix":6,"l":2}},"ao":0,"shapes":[{"ty":"gr","it":[{"ind":0,"ty":"sh","ix":1,"ks":{"a":0,"k":{"i":[[-0.506,-1.55],[-0.843,1.717],[-5.927,4.917],[-1.683,3.705],[0.302,9.532],[0,0],[-3.638,-8.15],[-3.233,-2.728],[-3.591,-6.929]],"o":[[0.606,-1.55],[3.636,-6.906],[3.335,-2.728],[3.639,-8.15],[0,0],[-0.37,9.532],[1.717,3.705],[5.962,4.917],[0.888,1.712]],"v":[[-0.034,31.762],[2.122,26.911],[18.355,9.364],[31.996,-3.841],[35.029,-31.762],[-34.962,-31.762],[-31.997,-3.841],[-18.391,9.364],[-2.123,26.911]],"c":true},"ix":2},"nm":"パス 1","mn":"ADBE Vector Shape - Group","hd":false},{"ty":"fl","c":{"a":0,"k":[0.8196078431372549,0.8431372549019608,0.8666666666666667,1],"ix":4},"o":{"a":0,"k":100,"ix":5},"r":1,"bm":0,"nm":"塗り 1","mn":"ADBE Vector Graphic - Fill","hd":false},{"ty":"tr","p":{"a":0,"k":[35.885,32.011],"ix":2},"a":{"a":0,"k":[0,0],"ix":1},"s":{"a":0,"k":[100,100],"ix":3},"r":{"a":0,"k":0,"ix":6},"o":{"a":0,"k":100,"ix":7},"sk":{"a":0,"k":0,"ix":4},"sa":{"a":0,"k":0,"ix":5},"nm":"トランスフォーム"}],"nm":"グループ 1","np":2,"cix":2,"bm":0,"ix":1,"mn":"ADBE Vector Group","hd":false}],"ip":0,"op":300.00001221925,"st":0,"bm":0},{"ddd":0,"ind":6,"ty":4,"nm":"flameアウトライン","sr":1,"ks":{"o":{"a":0,"k":100,"ix":11},"r":{"a":0,"k":0,"ix":10},"p":{"a":0,"k":[150,150,0],"ix":2,"l":2},"a":{"a":0,"k":[73.474,100.25,0],"ix":1,"l":2},"s":{"a":0,"k":[100,100,100],"ix":6,"l":2}},"ao":0,"shapes":[{"ty":"gr","it":[{"ind":0,"ty":"sh","ix":1,"ks":{"a":0,"k":{"i":[[-6.266,13.91],[-5.827,4.849],[-2.56,4.749],[2.897,5.052],[4.076,3.637],[3.705,4.345],[0,16.335],[0,0],[0,0],[0,0],[11.687,-13.405],[4.311,-3.772],[2.729,-4.75],[-2.729,-5.255],[-4.211,-3.436],[-3.066,-6.937],[0,-14.72],[0,0],[0,0],[0,0]],"o":[[3.065,-6.937],[4.144,-3.436],[2.729,-5.255],[-2.728,-4.75],[-4.276,-3.772],[-11.653,-13.405],[0,0],[0,0],[0,0],[0,16.335],[-3.671,4.345],[-4.041,3.604],[-2.896,5.052],[2.56,4.749],[5.792,4.849],[6.264,13.91],[0,0],[0,0],[0,0],[0,-14.72]],"v":[[-44.725,37.892],[-27.346,19.604],[-14.514,6.367],[-15.12,-6.129],[-27.717,-19.434],[-40.348,-31.357],[-48.835,-80.767],[-48.835,-83.934],[48.774,-83.934],[48.774,-80.767],[40.32,-31.357],[27.689,-19.434],[15.092,-6.129],[14.52,6.367],[27.353,19.604],[44.732,37.892],[48.774,80.769],[48.774,83.902],[-48.835,83.902],[-48.835,80.769]],"c":true},"ix":2},"nm":"パス 1","mn":"ADBE Vector Shape - Group","hd":false},{"ind":1,"ty":"sh","ix":2,"ks":{"a":0,"k":{"i":[[4.412,0],[0,0],[0,0],[7.073,15.831],[7.341,6.064],[1.718,3.301],[0.169,0.472],[-0.304,0.471],[-3.098,2.728],[-4.075,4.75],[0,19.434],[0,0],[0,0],[0,4.411],[4.412,0],[0,0],[0,-4.447],[-4.412,0],[0,0],[0,0],[-13.977,-16.134],[-4.681,-4.143],[-2.054,-3.537],[-0.302,-0.673],[0.202,-0.303],[2.83,-2.391],[3.974,-8.858],[0,-16.605],[0,0],[0,0],[0,-4.411],[-4.412,0],[0,0],[0,4.446]],"o":[[0,0],[0,0],[0,-16.605],[-3.941,-8.858],[-2.864,-2.391],[-0.168,-0.303],[0.27,-0.673],[2.02,-3.537],[4.683,-4.143],[14.011,-16.134],[0,0],[0,0],[4.412,0],[0,-4.447],[0,0],[-4.412,0],[0,4.411],[0,0],[0,0],[0,19.434],[4.076,4.75],[3.099,2.728],[0.271,0.471],[-0.202,0.472],[-1.718,3.301],[-7.341,6.064],[-7.073,15.831],[0,0],[0,0],[-4.412,0],[0,4.446],[0,0],[4.412,0],[0,-4.411]],"v":[[65.174,83.902],[58.271,83.902],[58.271,80.769],[53.355,34.019],[33.348,12.328],[22.873,1.92],[22.232,0.573],[23.311,-1.413],[33.954,-12.293],[47.46,-25.159],[58.271,-80.767],[58.271,-83.934],[65.174,-83.934],[73.223,-91.949],[65.174,-100],[-65.173,-100],[-73.223,-91.949],[-65.173,-83.934],[-58.266,-83.934],[-58.266,-80.767],[-47.488,-25.159],[-33.949,-12.293],[-23.305,-1.413],[-22.227,0.573],[-22.9,1.92],[-33.342,12.328],[-53.382,34.019],[-58.266,80.769],[-58.266,83.902],[-65.173,83.902],[-73.223,91.951],[-65.173,100],[65.174,100],[73.223,91.951]],"c":true},"ix":2},"nm":"パス 2","mn":"ADBE Vector Shape - Group","hd":false},{"ty":"mm","mm":1,"nm":"パスを結合 1","mn":"ADBE Vector Filter - Merge","hd":false},{"ty":"fl","c":{"a":0,"k":[0.8196078431372549,0.8431372549019608,0.8666666666666667,1],"ix":4},"o":{"a":0,"k":100,"ix":5},"r":1,"bm":0,"nm":"塗り 1","mn":"ADBE Vector Graphic - Fill","hd":false},{"ty":"tr","p":{"a":0,"k":[73.473,100.25],"ix":2},"a":{"a":0,"k":[0,0],"ix":1},"s":{"a":0,"k":[100,100],"ix":3},"r":{"a":0,"k":0,"ix":6},"o":{"a":0,"k":100,"ix":7},"sk":{"a":0,"k":0,"ix":4},"sa":{"a":0,"k":0,"ix":5},"nm":"トランスフォーム"}],"nm":"グループ 1","np":4,"cix":2,"bm":0,"ix":1,"mn":"ADBE Vector Group","hd":false}],"ip":0,"op":300.00001221925,"st":0,"bm":0}]}],"layers":[{"ddd":0,"ind":1,"ty":0,"nm":"sand-watch","refId":"comp_0","sr":1,"ks":{"o":{"a":0,"k":100,"ix":11},"r":{"a":1,"k":[{"i":{"x":[0.509],"y":[1]},"o":{"x":[0.482],"y":[0]},"t":30,"s":[0]},{"t":40.0000016292334,"s":[180]}],"ix":10},"p":{"a":0,"k":[32.000000000000014,32.000000000000014,0],"ix":2,"l":2},"a":{"a":0,"k":[150,150,0],"ix":1,"l":2},"s":{"a":0,"k":[21.333333333333343,21.333333333333343,100],"ix":6,"l":2}},"ao":0,"w":300,"h":300,"ip":0,"op":300.00001221925,"st":0,"bm":0}],"markers":[]}